"Geo Code","Geo Name","Line Number"
"2021A00051301001","Saint Martins",2
"2021A00051301002","St. Martins",2633
"2021A00051301004","Simonds",5264
"2021A00051301006","Saint John",7895
"2021A00051301016","Musquash",10526
"2021A00051302001","Grand Manan",13157
"2021A00051302004","Campobello Island",15788
"2021A00051302006","West Isles",18419
"2021A00051302008","Lepreau",21050
"2021A00051302011","Pennfield",23681
"2021A00051302012","Blacks Harbour",26312
"2021A00051302014","Clarendon",28943
"2021A00051302016","Saint George",31574
"2021A00051302018","St. George",34205
"2021A00051302021","Saint Patrick",36836
"2021A00051302024","Saint Andrews",39467
"2021A00051302026","Saint Andrews",42098
"2021A00051302028","Saint Croix",44729
"2021A00051302031","Dufferin",47360
"2021A00051302034","Saint Stephen",49991
"2021A00051302037","St. Stephen",52622
"2021A00051302039","Saint James",55253
"2021A00051302042","Saint David",57884
"2021A00051302044","Dumbarton",60515
"2021A00051302052","Grand Manan",63146
"2021A00051303001","Blissville",65777
"2021A00051303004","Gladstone",68408
"2021A00051303005","Tracy",71039
"2021A00051303006","Fredericton Junction",73670
"2021A00051303008","Lincoln",76301
"2021A00051303011","Burton",78932
"2021A00051303012","Oromocto",81563
"2021A00051303013","Oromocto 26",84194
"2021A00051303014","Sheffield",86825
"2021A00051303016","Maugerville",89456
"2021A00051303018","Northfield",92087
"2021A00051304001","Petersville",94718
"2021A00051304004","Gagetown",97349
"2021A00051304005","Gagetown",99980
"2021A00051304006","Hampstead",102611
"2021A00051304008","Wickham",105242
"2021A00051304011","Cambridge",107873
"2021A00051304013","Cambridge-Narrows",110504
"2021A00051304014","Johnston",113135
"2021A00051304016","Brunswick",115766
"2021A00051304018","Waterborough",118397
"2021A00051304021","Canning",121028
"2021A00051304022","Minto",123659
"2021A00051304024","Chipman",126290
"2021A00051304025","Chipman",128921
"2021A00051305001","Hammond",131552
"2021A00051305004","Upham",134183
"2021A00051305006","Hampton",136814
"2021A00051305007","Hampton",139445
"2021A00051305008","Rothesay",142076
"2021A00051305011","Westfield",144707
"2021A00051305014","Kingston",147338
"2021A00051305015","Grand Bay-Westfield",149969
"2021A00051305016","Norton",152600
"2021A00051305018","Norton",155231
"2021A00051305021","Sussex",157862
"2021A00051305022","Sussex",160493
"2021A00051305023","Sussex Corner",163124
"2021A00051305024","Waterford",165755
"2021A00051305026","Cardwell",168386
"2021A00051305028","Havelock",171017
"2021A00051305031","Studholm",173648
"2021A00051305034","Springfield",176279
"2021A00051305036","Kars",178910
"2021A00051305038","Greenwich",181541
"2021A00051305045","Rothesay",184172
"2021A00051305057","Quispamsis",186803
"2021A00051306001","Hopewell",189434
"2021A00051306003","Riverside-Albert",192065
"2021A00051306004","Harvey",194696
"2021A00051306006","Alma",197327
"2021A00051306007","Alma",199958
"2021A00051306008","Elgin",202589
"2021A00051306011","Hillsborough",205220
"2021A00051306014","Coverdale",207851
"2021A00051306020","Riverview",210482
"2021A00051306025","Hillsborough",213113
"2021A00051307001","Westmorland",215744
"2021A00051307002","Port Elgin",218375
"2021A00051307004","Botsford",221006
"2021A00051307005","Beaubassin East / Beaubassin-est",223637
"2021A00051307007","Cap-Pelé",226268
"2021A00051307008","Sackville",228899
"2021A00051307009","Sackville",231530
"2021A00051307011","Dorchester",234161
"2021A00051307012","Dorchester",236792
"2021A00051307013","Memramcook",239423
"2021A00051307014","Fort Folly 1",242054
"2021A00051307016","Shediac",244685
"2021A00051307019","Moncton",247316
"2021A00051307022","Moncton",249947
"2021A00051307024","Salisbury",252578
"2021A00051307028","Salisbury",255209
"2021A00051307029","Petitcodiac",257840
"2021A00051307045","Dieppe",260471
"2021A00051307052","Shediac",263102
"2021A00051308001","Dundas",265733
"2021A00051308002","Cocagne",268364
"2021A00051308003","Buctouche 16",270995
"2021A00051308004","Wellington",273626
"2021A00051308005","Bouctouche",276257
"2021A00051308006","Saint Mary",278888
"2021A00051308007","Saint-Antoine",281519
"2021A00051308008","Saint-Paul",284150
"2021A00051308010","Harcourt",286781
"2021A00051308012","Huskisson",289412
"2021A00051308014","Weldford",292043
"2021A00051308015","Richibucto 15",294674
"2021A00051308016","Richibucto",297305
"2021A00051308017","Rexton",299936
"2021A00051308018","Richibucto",302567
"2021A00051308019","Saint-Charles",305198
"2021A00051308020","Indian Island 28",307829
"2021A00051308021","Saint-Louis",310460
"2021A00051308022","Saint-Louis de Kent",313091
"2021A00051308024","Acadieville",315722
"2021A00051308026","Carleton",318353
"2021A00051309001","Hardwicke",320984
"2021A00051309004","Glenelg",323615
"2021A00051309006","Chatham",326246
"2021A00051309010","Renous 12",328877
"2021A00051309011","Derby",331508
"2021A00051309014","Nelson",334139
"2021A00051309016","Rogersville",336770
"2021A00051309017","Rogersville",339401
"2021A00051309018","Blackville",342032
"2021A00051309019","Blackville",344663
"2021A00051309021","Blissfield",347294
"2021A00051309022","Doaktown",349925
"2021A00051309023","Red Bank 4",352556
"2021A00051309026","Southesk",355187
"2021A00051309027","Upper Miramichi",357818
"2021A00051309028","Northesk",360449
"2021A00051309031","Newcastle",363080
"2021A00051309033","Big Hole Tract 8 (North Half)",365711
"2021A00051309034","Big Hole Tract 8 (South Half)",368342
"2021A00051309035","Eel Ground 2",370973
"2021A00051309036","Alnwick",373604
"2021A00051309038","Neguac",376235
"2021A00051309044","Esgenoôpetitj 14",378866
"2021A00051309047","Tabusintac 9",381497
"2021A00051309050","Miramichi",384128
"2021A00051310001","New Maryland",386759
"2021A00051310002","New Maryland",389390
"2021A00051310004","Manners Sutton",392021
"2021A00051310005","Harvey",394652
"2021A00051310006","McAdam",397283
"2021A00051310007","McAdam",399914
"2021A00051310008","North Lake",402545
"2021A00051310011","Canterbury",405176
"2021A00051310012","Canterbury",407807
"2021A00051310013","Meductic",410438
"2021A00051310014","Dumfries",413069
"2021A00051310016","Prince William",415700
"2021A00051310017","Hanwell",418331
"2021A00051310018","Kingsclear",420962
"2021A00051310019","Kingsclear 6",423593
"2021A00051310021","Queensbury",426224
"2021A00051310024","Southampton",428855
"2021A00051310025","Millville",431486
"2021A00051310026","Bright",434117
"2021A00051310028","Douglas",436748
"2021A00051310031","Saint Marys",439379
"2021A00051310032","Fredericton",442010
"2021A00051310034","Devon 30",444641
"2021A00051310036","Stanley",447272
"2021A00051310037","Stanley",449903
"2021A00051310054","Nackawic",452534
"2021A00051311001","Richmond",455165
"2021A00051311004","Woodstock",457796
"2021A00051311005","Woodstock 23",460427
"2021A00051311006","Woodstock",463058
"2021A00051311008","Northampton",465689
"2021A00051311011","Brighton",468320
"2021A00051311012","Hartland",470951
"2021A00051311014","Wakefield",473582
"2021A00051311018","Wilmot",476213
"2021A00051311019","Centreville",478844
"2021A00051311021","Simonds",481475
"2021A00051311024","Peel",484106
"2021A00051311026","Aberdeen",486737
"2021A00051311027","Florenceville-Bristol",489368
"2021A00051311028","Kent",491999
"2021A00051311030","Bath",494630
"2021A00051311031","Wicklow",497261
"2021A00051312001","Andover",499892
"2021A00051312002","Aroostook",502523
"2021A00051312004","Perth",505154
"2021A00051312006","Perth-Andover",507785
"2021A00051312007","Tobique 20",510416
"2021A00051312008","Gordon",513047
"2021A00051312009","Plaster Rock",515678
"2021A00051312011","Lorne",518309
"2021A00051312014","Denmark",520940
"2021A00051312016","Grand Falls",523571
"2021A00051312019","Grand Falls / Grand-Sault",526202
"2021A00051312021","Drummond",528833
"2021A00051312023","Drummond",531464
"2021A00051313002","Saint-André",534095
"2021A00051313004","Saint-Léonard",536726
"2021A00051313006","Saint-Léonard",539357
"2021A00051313008","Notre-Dame-de-Lourdes",541988
"2021A00051313011","Sainte-Anne",544619
"2021A00051313012","Sainte-Anne-de-Madawaska",547250
"2021A00051313014","Rivière-Verte",549881
"2021A00051313015","Rivière-Verte",552512
"2021A00051313018","Saint-Basile",555143
"2021A00051313020","St. Basile 10",557774
"2021A00051313022","Saint-Joseph",560405
"2021A00051313024","Saint-Jacques",563036
"2021A00051313027","Edmundston",565667
"2021A00051313028","Madawaska",568298
"2021A00051313031","Haut-Madawaska",570929
"2021A00051313037","Lac Baker",573560
"2021A00051314001","Durham",576191
"2021A00051314003","Colborne",578822
"2021A00051314004","Charlo",581453
"2021A00051314005","Balmoral",584084
"2021A00051314006","Balmoral",586715
"2021A00051314008","Dalhousie",589346
"2021A00051314010","Eel River 3",591977
"2021A00051314011","Eel River Crossing",594608
"2021A00051314012","Addington",597239
"2021A00051314013","Atholville",599870
"2021A00051314014","Campbellton",602501
"2021A00051314015","Tide Head",605132
"2021A00051314016","Eldon",607763
"2021A00051314017","Dalhousie",610394
"2021A00051314020","Kedgwick",613025
"2021A00051314021","Saint-Quentin",615656
"2021A00051314022","Saint-Quentin",618287
"2021A00051314025","Belledune",620918
"2021A00051314026","Indian Ranch",623549
"2021A00051315002","Tracadie",626180
"2021A00051315006","Allardville",628811
"2021A00051315008","Bathurst",631442
"2021A00051315010","Pabineau 11",634073
"2021A00051315011","Bathurst",636704
"2021A00051315012","Beresford",639335
"2021A00051315013","Pointe-Verte",641966
"2021A00051315014","Petit-Rocher",644597
"2021A00051315015","Beresford",647228
"2021A00051315016","New Bandon",649859
"2021A00051315017","Saint-Léolin",652490
"2021A00051315019","Paquetville",655121
"2021A00051315020","Paquetville",657752
"2021A00051315021","Saint-Isidore",660383
"2021A00051315022","Saint-Isidore",663014
"2021A00051315024","Inkerman",665645
"2021A00051315026","Caraquet",668276
"2021A00051315027","Bas-Caraquet",670907
"2021A00051315028","Caraquet",673538
"2021A00051315029","Shippagan",676169
"2021A00051315030","Le Goulet",678800
"2021A00051315031","Shippagan",681431
"2021A00051315032","Lamèque",684062
"2021A00051315033","Sainte-Marie-Saint-Raphaël",686693
"2021A00051315036","Bertrand",689324
"2021A00051315037","Nigadoo",691955
"2021A00051315038","Grande-Anse",694586
"2021A00051315040","Maisonnette",697217
